"Status","Start Time","Stop Time","Duration in ms","Parent Suite","Suite","Sub Suite","Test Class","Test Method","Name","Description"
"broken","Mon May 11 16:04:54 UTC 2026","Mon May 11 16:05:10 UTC 2026","16678","Web Suite","Web Tests","com.kennyramadhan.qa.tests.web.ProductBrowsingWebTest","com.kennyramadhan.qa.tests.web.ProductBrowsingWebTest","shouldNavigateToProductDetails","shouldNavigateToProductDetails",""
"passed","Mon May 11 16:05:00 UTC 2026","Mon May 11 16:05:03 UTC 2026","3063","Web Suite","Web Tests","com.kennyramadhan.qa.tests.web.CheckoutWebTest","com.kennyramadhan.qa.tests.web.CheckoutWebTest","shouldAddProductToCartFromListing","shouldAddProductToCartFromListing",""
"passed","Mon May 11 16:04:35 UTC 2026","Mon May 11 16:04:39 UTC 2026","3677","API Suite","API Tests","com.kennyramadhan.qa.tests.api.AuthApiTest","com.kennyramadhan.qa.tests.api.AuthApiTest","shouldRegisterAndDeleteAccount","shouldRegisterAndDeleteAccount",""
"passed","Mon May 11 16:04:56 UTC 2026","Mon May 11 16:04:58 UTC 2026","2674","Web Suite","Web Tests","com.kennyramadhan.qa.tests.web.ProductBrowsingWebTest","com.kennyramadhan.qa.tests.web.ProductBrowsingWebTest","shouldSearchProductByKeyword","shouldSearchProductByKeyword",""
"passed","Mon May 11 16:04:35 UTC 2026","Mon May 11 16:04:38 UTC 2026","2982","API Suite","API Tests","com.kennyramadhan.qa.tests.api.ProductsApiTest","com.kennyramadhan.qa.tests.api.ProductsApiTest","shouldDeserializeProductCategoryNesting","shouldDeserializeProductCategoryNesting",""
"passed","Mon May 11 16:04:50 UTC 2026","Mon May 11 16:04:51 UTC 2026","1327","Web Suite","Web Tests","com.kennyramadhan.qa.tests.web.LoginWebTest","com.kennyramadhan.qa.tests.web.LoginWebTest","shouldDisplayLoginPage","shouldDisplayLoginPage",""
"passed","Mon May 11 16:04:39 UTC 2026","Mon May 11 16:04:39 UTC 2026","146","API Suite","API Tests","com.kennyramadhan.qa.tests.api.ProductsApiTest","com.kennyramadhan.qa.tests.api.ProductsApiTest","shouldReturn405OnPostToProductsList","shouldReturn405OnPostToProductsList",""
"passed","Mon May 11 16:04:35 UTC 2026","Mon May 11 16:04:39 UTC 2026","3297","API Suite","API Tests","com.kennyramadhan.qa.tests.api.BrandsApiTest","com.kennyramadhan.qa.tests.api.BrandsApiTest","shouldReturn405OnPutToBrandsList","shouldReturn405OnPutToBrandsList",""
"passed","Mon May 11 16:04:40 UTC 2026","Mon May 11 16:04:40 UTC 2026","521","API Suite","API Tests","com.kennyramadhan.qa.tests.api.AuthApiTest","com.kennyramadhan.qa.tests.api.AuthApiTest","shouldUpdateAccount","shouldUpdateAccount",""
"passed","Mon May 11 16:04:39 UTC 2026","Mon May 11 16:04:39 UTC 2026","346","API Suite","API Tests","com.kennyramadhan.qa.tests.api.BrandsApiTest","com.kennyramadhan.qa.tests.api.BrandsApiTest","shouldReturnAllBrandsList","shouldReturnAllBrandsList",""
"passed","Mon May 11 16:04:39 UTC 2026","Mon May 11 16:04:40 UTC 2026","526","API Suite","API Tests","com.kennyramadhan.qa.tests.api.UserApiTest","com.kennyramadhan.qa.tests.api.UserApiTest","shouldGetUserDetailsByEmailAfterCreateAccount","shouldGetUserDetailsByEmailAfterCreateAccount",""
"passed","Mon May 11 16:04:40 UTC 2026","Mon May 11 16:04:40 UTC 2026","146","API Suite","API Tests","com.kennyramadhan.qa.tests.api.UserApiTest","com.kennyramadhan.qa.tests.api.UserApiTest","shouldReturnErrorOnGetUserDetailsForUnknownEmail","shouldReturnErrorOnGetUserDetailsForUnknownEmail",""
"passed","Mon May 11 16:04:53 UTC 2026","Mon May 11 16:04:54 UTC 2026","1353","Web Suite","Web Tests","com.kennyramadhan.qa.tests.web.ProductBrowsingWebTest","com.kennyramadhan.qa.tests.web.ProductBrowsingWebTest","shouldDisplayAllProducts","shouldDisplayAllProducts",""
"passed","Mon May 11 16:04:38 UTC 2026","Mon May 11 16:04:39 UTC 2026","355","API Suite","API Tests","com.kennyramadhan.qa.tests.api.ProductsApiTest","com.kennyramadhan.qa.tests.api.ProductsApiTest","shouldReturn400OnSearchWithoutParam","shouldReturn400OnSearchWithoutParam",""
"passed","Mon May 11 16:04:39 UTC 2026","Mon May 11 16:04:40 UTC 2026","314","API Suite","API Tests","com.kennyramadhan.qa.tests.api.AuthApiTest","com.kennyramadhan.qa.tests.api.AuthApiTest","shouldReturn405OnDeleteToVerifyLogin","shouldReturn405OnDeleteToVerifyLogin",""
"passed","Mon May 11 16:04:39 UTC 2026","Mon May 11 16:04:39 UTC 2026","395","API Suite","API Tests","com.kennyramadhan.qa.tests.api.ProductsApiTest","com.kennyramadhan.qa.tests.api.ProductsApiTest","shouldReturnAllProductsList","shouldReturnAllProductsList",""
"passed","Mon May 11 16:05:12 UTC 2026","Mon May 11 16:05:18 UTC 2026","5621","Web Suite","Web Tests","com.kennyramadhan.qa.tests.web.RegisterUserWebTest","com.kennyramadhan.qa.tests.web.RegisterUserWebTest","shouldRegisterNewUserEndToEnd","shouldRegisterNewUserEndToEnd",""
"passed","Mon May 11 16:04:39 UTC 2026","Mon May 11 16:04:39 UTC 2026","144","API Suite","API Tests","com.kennyramadhan.qa.tests.api.AuthApiTest","com.kennyramadhan.qa.tests.api.AuthApiTest","shouldReturn400OnLoginWithoutEmail","shouldReturn400OnLoginWithoutEmail",""
"broken","Mon May 11 16:05:04 UTC 2026","Mon May 11 16:05:21 UTC 2026","16821","Web Suite","Web Tests","com.kennyramadhan.qa.tests.web.CheckoutWebTest","com.kennyramadhan.qa.tests.web.CheckoutWebTest","shouldDisplayCartItemDetailsAfterAdd","shouldDisplayCartItemDetailsAfterAdd",""
"passed","Mon May 11 16:04:39 UTC 2026","Mon May 11 16:04:40 UTC 2026","193","API Suite","API Tests","com.kennyramadhan.qa.tests.api.ProductsApiTest","com.kennyramadhan.qa.tests.api.ProductsApiTest","shouldSearchProductByValidKeyword","shouldSearchProductByValidKeyword",""
"passed","Mon May 11 16:04:50 UTC 2026","Mon May 11 16:04:52 UTC 2026","2542","Web Suite","Web Tests","com.kennyramadhan.qa.tests.web.LoginWebTest","com.kennyramadhan.qa.tests.web.LoginWebTest","shouldRejectLoginWithInvalidCredentials","shouldRejectLoginWithInvalidCredentials",""
"passed","Mon May 11 16:04:39 UTC 2026","Mon May 11 16:04:39 UTC 2026","140","API Suite","API Tests","com.kennyramadhan.qa.tests.api.AuthApiTest","com.kennyramadhan.qa.tests.api.AuthApiTest","shouldRejectLoginWithInvalidCredentials","shouldRejectLoginWithInvalidCredentials",""
"passed","Mon May 11 16:04:40 UTC 2026","Mon May 11 16:04:41 UTC 2026","273","API Suite","API Tests","com.kennyramadhan.qa.tests.api.AuthApiTest","com.kennyramadhan.qa.tests.api.AuthApiTest","shouldVerifyLoginAfterCreateAccount","shouldVerifyLoginAfterCreateAccount",""
